{
  "macro": {
    "precision": 0.5665584177583187,
    "recall": 0.6173605812494701,
    "f1": 0.5370458379637146
  },
  "micro": {
    "precision": 0.513986013986014,
    "recall": 0.7241379310344828,
    "f1": 0.6012269938650306
  },
  "thresholds": {
    "action_required": 0.5,
    "company_business": 0.4,
    "purely_personal": 0.75,
    "logistics": 0.5,
    "employment": 0.4,
    "newsletter": 0.65,
    "spam": 0.5,
    "empty": 0.15000000000000002,
    "fwd_chain": 0.5
  },
  "label_names": [
    "action_required",
    "company_business",
    "purely_personal",
    "logistics",
    "employment",
    "newsletter",
    "spam",
    "empty",
    "fwd_chain"
  ]
}